Workbook

Sheet Plan
A1: Service Mapper Build Plan
B2: Final end date | C2: 46318
A4: S. No | B4: Phase | C4: Task | D4: Details / Deliverable | E4: Start | F4: End | G4: Days | H4: Owner | I4: Status | J4: Notes
B5: Prerequisites and Foundations
A6: 1 | C6: Close open items | D6: Confirm the service-to-sector link table (name, columns), inventory size, entity_id format, and the AI-suggestion default. Get a sample of onboarding_services data. | E6: =WORKDAY(F6,-(G6-1)) -> 46302 | F6: =WORKDAY(MIN(E7,E9),-1) -> 46302 | G6: 1 | H6: TBD | I6: Not Started | J6: No predecessor. Blocker: without the sector link, sector / sub-sector / cross_sector show as null.
A7: 2 | C7: Constants, settings and models | D7: Constants file, .env settings (counts, temperature, AI flag, shortlist size, pending limit), request/response/AI models, enums. | E7: =WORKDAY(F7,-(G7-1)) -> 46303 | F7: =WORKDAY(MIN(E10,E12,E13),-1) -> 46304 | G7: 2 | H7: TBD | I7: Not Started | J7: After task 1.
B8: Database and Data Access
A9: 3 | C9: Stored procedures | D9: Mapping context (names + all services with sector/sub-sector) and entity services; grants; test schema and seed. | E9: =WORKDAY(F9,-(G9-1)) -> 46303 | F9: =WORKDAY(MIN(E12),-1) -> 46304 | G9: 2 | H9: TBD | I9: Not Started | J9: After task 1. New procedures must be deployed by the DBA before the app.
A10: 4 | C10: Mongo record and repository | D10: tsg_service_maps: mapping, recommendations, decisions, generations; indexes; compare-and-set for decisions. | E10: =WORKDAY(F10,-(G10-1)) -> 46308 | F10: =WORKDAY(MIN(E15,E16),-1) -> 46308 | G10: 1 | H10: TBD | I10: Not Started | J10: After task 2.
B11: Engine (AI Logic)
A12: 5 | C12: Shortlist step | D12: Rank all services across sectors by meaning (cached embeddings), remove the selected service and names already seen, keep top K. | E12: =WORKDAY(F12,-(G12-1)) -> 46307 | F12: =WORKDAY(MIN(E15),-1) -> 46308 | G12: 2 | H12: TBD | I12: Not Started | J12: After task 2, 3. Fallback: reranker if quality is poor.
A13: 6 | C13: Prompt, AI call and assembly | D13: Numbered shortlist prompt, one AI call, turn picks into recommendations, mark 'AI suggested', apply counts and temperature settings. | E13: =WORKDAY(F13,-(G13-1)) -> 46307 | F13: =WORKDAY(MIN(E15),-1) -> 46308 | G13: 2 | H13: TBD | I13: Not Started | J13: After task 2.
B14: Job, Worker and APIs
A15: 7 | C15: Background job and dedicated worker | D15: Celery task on its own queue (tsg_service_map), lease and retry, run.ps1 and RUNNING.md worker entry. | E15: =WORKDAY(F15,-(G15-1)) -> 46309 | F15: =WORKDAY(MIN(E16,E17),-1) -> 46309 | G15: 1 | H15: TBD | I15: Not Started | J15: After task 4, 5, 6. Ops support needed to start the new worker.
A16: 8 | C16: Service layer and APIs 1 to 5 | D16: Create, Get, Entity services, Regenerate, Decide; audit, idempotency, error responses, overload guard. | E16: =WORKDAY(F16,-(G16-1)) -> 46310 | F16: =WORKDAY(MIN(E19,E20,E23),-1) -> 46311 | G16: 2 | H16: TBD | I16: Not Started | J16: After task 4, 7.
A17: 9 | C17: Live status (SSE) | D17: Add the channel to the realtime publisher and the events route; status events from the worker. | E17: =WORKDAY(F17,-(G17-1)) -> 46311 | F17: =WORKDAY(MIN(E19,E20),-1) -> 46311 | G17: 1 | H17: TBD | I17: Not Started | J17: After task 7. First item to defer if time runs out.
B18: Testing and Stabilization
A19: 10 | C19: Automated tests and checks | D19: Unit and integration tests with a fake AI, layering test, ruff and mypy. | E19: =WORKDAY(F19,-(G19-1)) -> 46314 | F19: =WORKDAY(MIN(E21),-1) -> 46315 | G19: 2 | H19: TBD | I19: Not Started | J19: After task 8, 9.
A20: 11 | C20: End-to-end test | D20: Create, live status, review, regenerate on a real database and model; cross-sector check; small burst test (about 50 jobs). | E20: =WORKDAY(F20,-(G20-1)) -> 46315 | F20: =WORKDAY(MIN(E21),-1) -> 46315 | G20: 1 | H20: TBD | I20: Not Started | J20: After task 8, 9.
A21: 12 | C21: Bug fixing and retest | D21: Fix defects found, redeploy, retest. | E21: =WORKDAY(F21,-(G21-1)) -> 46316 | F21: =WORKDAY(MIN(E24),-1) -> 46317 | G21: 2 | H21: TBD | I21: Not Started | J21: After task 10, 11.
B22: Closing
A23: 13 | C23: Documentation | D23: Update RUNNING.md, BLUEPRINT entry and the API workbook. | E23: =WORKDAY(F23,-(G23-1)) -> 46317 | F23: =WORKDAY(MIN(E24),-1) -> 46317 | G23: 1 | H23: TBD | I23: Not Started | J23: After task 8.
A24: 14 | C24: Final check and handover | D24: Verify the checklist, known issues, and walk through the demo. | E24: =WORKDAY(F24,-(G24-1)) -> 46318 | F24: =$C$2 -> 46318 | G24: 1 | H24: TBD | I24: Not Started | J24: After task 12, 13.
A26: How the dates work: each task ENDS the working day before the earliest start of the tasks that depend on it; Start = End minus Days (Mon-Fri, no holidays). The last task ends on the Final end date.
A27: Blue = inputs you can change (Final end date, Plan date, Days). Change one and every date moves. Red dates fall before the Plan date, so that work should already have started.
A28: Yellow = integration and testing dates that must not slip. Tasks with the same dates run in parallel, which needs more than one person.
A29: Owner is TBD. Durations and dependencies are the author's estimates, to be reviewed with the team.

Sheet Backtrack
A1: Back-track check: can the end date be met?
A4: Measure | B4: Value | C4: How it is calculated
A5: Final end date | B5: =Plan!C2 -> 46318 | C5: Input on the Plan tab
A6: Plan date (today) | B6: =Plan!C3 -> 0 | C6: Input on the Plan tab
A7: Working days available (plan date to end date) | B7: =NETWORKDAYS(Plan!C3,Plan!C2) -> 33085 | C7: Mon-Fri, both days included
A8: Start date required to finish on the end date | B8: =MIN(Plan!E6:E24) -> 46302 | C8: Earliest Start after back-tracking all tasks
A9: Working days the plan needs (longest chain) | B9: =NETWORKDAYS(MIN(Plan!E6:E24),Plan!C2) -> 13 | C9: From the required start to the end date
A10: Working days short | B10: =MAX(0,B9-B7) -> 0 | C10: Needed minus available
A11: Earliest finish if work starts on the plan date | B11: =WORKDAY(B6,B9-1) -> 17 | C11: Plan date plus the days the plan needs
A13: Options if the plan is short of days (author's assessment)
A14: 1. Move the end date to the 'Earliest finish' date above.
A15: 2. Keep the end date and shorten the tasks that run back to back (reduce their Days or cut their scope) until 'Working days short' is 0.
A16: 3. Add people: this only helps tasks that can run in parallel; it does not shorten the longest chain.

Sheet Config Checklist
A1: Service Mapper Configuration Checklist
A4: S. No | B4: Setting / Item | C4: Where | D4: Default / Value | E4: Purpose | F4: Owner | G4: Status | H4: Notes
A5: 1 | B5: CII_SERVICE_MAP_AI_GENERATE | C5: .env | D5: false | E5: Allow AI-suggested services that are not in the inventory | F5: TBD | G5: Not Started | H5: Management decision (summary item 2)
A6: 2 | B6: CII_SERVICE_MAPPER_DEFAULT_COUNT | C6: .env | D6: 5 | E6: Suggestions per direction on create | F6: TBD | G6: Not Started | H6: Hard ceiling 20
A7: 3 | B7: CII_SERVICE_MAPPER_REGENERATE_DEFAULT_COUNT | C7: .env | D7: 3 | E7: Suggestions per direction on regenerate | F7: TBD | G7: Not Started
A8: 4 | B8: CII_SERVICE_MAPPER_TEMPERATURE | C8: .env | D8: blank (not sent) | E8: Model temperature on create | F8: TBD | G8: Not Started | H8: Used only if the model accepts a changed temperature
A9: 5 | B9: CII_SERVICE_MAPPER_REGENERATE_TEMPERATURE | C9: .env | D9: blank (not sent) | E9: Temperature on regenerate | F9: TBD | G9: Not Started | H9: Slightly higher reduces repeats
A10: 6 | B10: CII_SERVICE_MAPPER_SHORTLIST_SIZE | C10: .env | D10: 60 | E10: Services sent to the AI after shortlisting | F10: TBD | G10: Not Started | H10: Check on real inventory size
A11: 7 | B11: CII_SERVICE_MAP_MAX_PENDING | C11: .env | D11: TBD | E11: Queued + running jobs above this get 503 | F11: TBD | G11: Not Started | H11: Set after the burst test
A12: 8 | B12: Service-to-sector link table | C12: Database | D12: TBD | E12: Needed for sector / sub-sector / cross_sector | F12: TBD | G12: Not Started | H12: Name and columns not yet known
A13: 9 | B13: Stored procedures deployed | C13: Database | D13: - | E13: Mapping context, entity services, grants | F13: TBD | G13: Not Started | H13: DBA deploys before the app
A14: 10 | B14: Celery queue tsg_service_map and worker | C14: Deployment | D14: - | E14: Dedicated worker, 10 threads | F14: TBD | G14: Not Started | H14: /ready needs a live worker on every routed queue
A15: 11 | B15: MongoDB collection tsg_service_maps | C15: Database | D15: - | E15: Created with indexes at start-up | F15: TBD | G15: Not Started | H15: No expiry; decisions persist

Sheet Modules
A1: Service Mapper Modules
A4: S. No | B4: Module | C4: Files (proposed paths) | D4: Reuses (existing) | E4: Plan task #
A5: 1 | B5: Constants and settings | C5: app/core/constants/service_map.py; app/core/config.py | D5: Existing constants package | E5: 2
A6: 2 | B6: Models | C6: app/models/service_map.py | D6: Existing pydantic patterns | E6: 2
A7: 3 | B7: Stored procedures | C7: scripts/sql/ (2 new .sql files); grants.sql; tests/sql/* | D7: tsg_GetAssetContext pattern | E7: 3
A8: 4 | B8: Reference data access | C8: app/data_access/service_map_context.py | D8: asset_context.py | E8: 3
A9: 5 | B9: Mapping repository | C9: app/data_access/service_maps.py; indexes.py | D9: job_records.py, remediations.py | E9: 4
A10: 6 | B10: Shortlist | C10: app/engine/service_map/ (new) | D10: EmbeddingModel.embed_search_queries; name_match_key | E10: 5
A11: 7 | B11: Prompt and mapper | C11: app/engine/service_map/ | D11: remediation planner pattern; ChatModel | E11: 6
A12: 8 | B12: Background job | C12: app/worker/tasks/service_map.py; celery_app.py | D12: run_leased_job, send_job | E12: 7
A13: 9 | B13: Service layer | C13: app/services/service_map/ | D13: services/scenarios/runs.py; record_audit | E13: 8
A14: 10 | B14: API router | C14: app/api/routers/service_map.py; app/main.py | D14: routers/remediation.py | E14: 8
A15: 11 | B15: Live status | C15: app/realtime/publisher.py; app/api/routers/events.py | D15: Existing event hub | E15: 9
A16: 12 | B16: Tests | C16: tests/test_service_map.py; tests/test_sql_procedures.py | D16: FakeChatModel | E16: 10
A18: Paths are proposals based on the repo's layering; the shortlist module is new compared with the earlier design documents.

Sheet Risks
A1: Service Mapper Risks
A4: S. No | B4: Risk | C4: Impact | D4: Likelihood | E4: Mitigation | F4: Owner | G4: Status
A5: 1 | B5: Plan needs more working days than are left (see Backtrack tab) | C5: High | D5: High | E5: Back-tracked from the end date, development had to start earlier than the plan date. Move the end date, cut scope on the back-to-back tasks, or shorten their durations; extra people only help tasks that run in parallel. | F5: TBD | G5: Open
A6: 2 | B6: Service-to-sector link table not confirmed | C6: High | D6: High | E6: Answer on day 1. Until then show sector fields as null. | F6: TBD | G6: Open
A7: 3 | B7: Inventory size unknown | C7: Medium | D7: Medium | E7: Check on day 1; adjust shortlist size; reranker fallback. | F7: TBD | G7: Open
A8: 4 | B8: Stored procedures need DBA deployment | C8: High | D8: Medium | E8: Send scripts early; agree a deployment slot. | F8: TBD | G8: Open
A9: 5 | B9: New worker and queue need ops support | C9: Medium | D9: Medium | E9: Raise the request early; /ready fails without a live worker. | F9: TBD | G9: Open
A10: 6 | B10: AI model is slow (up to 99 s on the slower model) | C10: Medium | D10: Medium | E10: Users wait in a queue; use live status; confirm model for UAT. | F10: TBD | G10: Open
A11: 7 | B11: Shortlist quality is unverified | C11: Medium | D11: Medium | E11: Review on real data in task 11; switch to reranker if poor. | F11: TBD | G11: Open
A12: 8 | B12: Answer rules rely on the prompt only | C12: Medium | D12: Medium | E12: Accepted for v1; add a small code check if quality is poor. | F12: TBD | G12: Open
A13: 9 | B13: No role model: any user of the owning entity can decide | C13: Low | D13: High | E13: Confirm with management (summary item 3). | F13: TBD | G13: Open
A15: Impact and likelihood are the author's assessment, to be reviewed with the team.
